company_name,job_title,role_category,job_description,responsibilities,required_qualifications,preferred_qualifications,skills,deadline
(주) 피두키아,"임베디드 펌웨어 개발자 ",Developer,"담당 업무
• MCU 펌웨어 개발
• UART / SPI / I2C / BLE 등 통신 프로토콜 구현
• 데이터 수집 → 필터링 → 장비 제어 로직 작성
• 장비 테스트 및 반복 개선
우대 조건
C / C++ 기반 임베디드 개발 가능 또는 학습 경험
MCU·센서·통신 동작 방식 이해 (Arduino·졸작·동아리 경험 인정)
실물 테스트·디버깅·반복 개선 프로세스를 즐기는 사람

STM32 HAL 경험 / RTOS 경험 / BLE 통신 경험
DIY·로봇·IoT·드론 등 펌웨어 기반 제작 경험
간단한 회로/PCB 이해 가능자
GitHub와 같은 오픈소스에 직접 개발한 코드 공유 또는 이런 오픈소스 기반 펌웨어 분석, 포팅, 수정 경험
ChatGPT, Copilot 등과 같은 LLM을 활용해 디버깅/코드 리뷰/레지스터 분석 해본 사람
""스스로 찾고 해결하는 타입""을 더 높게 평가합니다
근무지
경기 성남시 중원구 사기막골로45번길 14 성남 우림 라이온스밸리

지도

복사
경력
신입 / 경력자
학력
대학교졸업(4년)이상
지원 가능한 비자
E-7 특정활동
D-10 구직
한국어 수준

기초 회화 가능
언어 수준

영어
기초 회화 가능","• MCU 펌웨어 개발
• UART / SPI / I2C / BLE 등 통신 프로토콜 구현
• 데이터 수집 → 필터링 → 장비 제어 로직 작성
• 장비 테스트 및 반복 개선",,"C / C++ 기반 임베디드 개발 가능 또는 학습 경험
MCU·센서·통신 동작 방식 이해 (Arduino·졸작·동아리 경험 인정)
실물 테스트·디버깅·반복 개선 프로세스를 즐기는 사람

STM32 HAL 경험 / RTOS 경험 / BLE 통신 경험
DIY·로봇·IoT·드론 등 펌웨어 기반 제작 경험
간단한 회로/PCB 이해 가능자
GitHub와 같은 오픈소스에 직접 개발한 코드 공유 또는 이런 오픈소스 기반 펌웨어 분석, 포팅, 수정 경험
ChatGPT, Copilot 등과 같은 LLM을 활용해 디버깅/코드 리뷰/레지스터 분석 해본 사람
""스스로 찾고 해결하는 타입""을 더 높게 평가합니다","C / C++ 기반 임베디드 개발 
MCU·센서·통신 동작 방식 이해
GitHub
",2026-01-12
엘브이아이에스코리아(주),AI Healthcare - 프론트엔드 개발자,Developer,"담당 업무
- 의료 소프트웨어를 위한 3차원 시각화 기반의 웹 사용자 인터페이스를 구현합니다.
- 신경과학 응용 분야에서 최신 연구 결과와 알고리즘을 수학적 모델로 구현합니다.
- 최적의 하드웨어 자원 활용을 통한 고성능 데이터 시각화 기능을 구현합니다.
- 웹 기반 소프트웨어 제품의 일반 사용자 인터페이스(UI)를 구현합니다.
자격 요건
• 해당직무 근무경험, 외국인 지원 가능
• 컴퓨터/시스템공학, 공학계열
복지 및 혜택
• 연차, 경조휴가제, 반차, 근로자의날 휴무, 공휴일 휴무, 상여금, 스톡옵션, 퇴직금, 각종 경조사 지원, 수평적 조직문화, 회식강요 안함, 야근강요 안함, 생일선물/파티, 산전 후 휴가, 육아휴직, 휴게실, 회의실, 공기청정기, 장애인 화장실, 자유복장, 간식 제공, 음료제공(차,커피), 노트북, 4대 보험, 생일자 조기퇴근, 최고 성능 컴퓨터, 자유로운 연차사용, 님/닉네임 문화, 출산 장려, 반려동물 동반출근, 주 52시간제 준수, 자율 근무제
근무지
서울 서초구 서초대로56길 15 디앤비빌딩
경력: 경력자
학력: 대학교졸업(4년)이상
지원 가능한 비자: 확인필요
한국어 수준: 일상 대화 가능","- 의료 소프트웨어를 위한 3차원 시각화 기반의 웹 사용자 인터페이스를 구현합니다.
- 신경과학 응용 분야에서 최신 연구 결과와 알고리즘을 수학적 모델로 구현합니다.
- 최적의 하드웨어 자원 활용을 통한 고성능 데이터 시각화 기능을 구현합니다.
- 웹 기반 소프트웨어 제품의 일반 사용자 인터페이스(UI)를 구현합니다.","해당직무 근무경험, 외국인 지원 가능
• 컴퓨터/시스템공학, 공학계열",,,채용시 마감
엘브이아이에스코리아(주),AI Healthcare - 백엔드 개발자,Developer,"담당 업무
• 데이터 업로드 신호 처리 저장 등을 포함한 클라우드 서비스용 데이터 처리 파이프라인
• 계정 관리 청구 결제 등 백엔드 관리 서비스 설계 및 구현
• 국가/지역 간 클라우드 통신
• 클라우드 서비스 안정성 및 성능 최적화
자격 요건
• 해당직무 근무경험, 외국인 지원 가능
• 컴퓨터/시스템공학, 공학계열
복지 및 혜택
• 연차, 경조휴가제, 반차, 근로자의날 휴무, 공휴일 휴무, 상여금, 스톡옵션, 퇴직금, 각종 경조사 지원, 수평적 조직문화, 회식강요 안함, 야근강요 안함, 생일선물/파티, 산전 후 휴가, 육아휴직, 휴게실, 회의실, 공기청정기, 장애인 화장실, 자유복장, 간식 제공, 음료제공(차,커피), 탄력근무제, 노트북, 4대 보험, 생일자 조기퇴근, 최고 성능 컴퓨터, 자유로운 연차사용, 님/닉네임 문화, 출산 장려, 반려동물 동반출근, 주 52시간제 준수
근무지
서울 서초구 서초대로56길 15 디앤비빌딩
경력: 경력자
학력: 학력무관
지원 가능한 비자: 확인필요
한국어 수준: 일상 대화 가능
언어 수준: 영어 비즈니스 회화 가능","• 데이터 업로드 신호 처리 저장 등을 포함한 클라우드 서비스용 데이터 처리 파이프라인
• 계정 관리 청구 결제 등 백엔드 관리 서비스 설계 및 구현
• 국가/지역 간 클라우드 통신
• 클라우드 서비스 안정성 및 성능 최적화","• 해당직무 근무경험, 외국인 지원 가능
• 컴퓨터/시스템공학, 공학계열",,,2026-01-17
"주식회사엠케이디(MKDCo.,Ltd)",주식회사 엠케이디 파이썬(Python) 개발자,Developer,"담당 업무
• Python 기반 웹/앱 어플리케이션 개발 (Flask, Django, FastAPI)
• 시스템 통합 및 최적화 작업을 지원합니다.
• 기존 파이썬 알고리즘을 기반으로한 상용 서비스 개발을 담당합니다.
자격 요건
• 경력 무관 (신입 지원 가능)
• 관련 전공 대학교졸업(4년)이상, 졸업 예정자 지원가능
• 영어로 원할한 커뮤니케이션 가능
우대 조건
• FastAPI 프레임워크 경험자 우대
복지 및 혜택
• 유연 근무제(수습 3개월 후)
• 중식 제공
근무지
부산 남구 전포대로 133
경력: 무관
학력: 대학교졸업(4년)이상
지원 가능한 비자: D-10 구직/ E-7 특정활동/ F-2 거주
한국어 수준: 일상 대화 가능
언어 수준: 영어 비즈니스 회화 가능","• Python 기반 웹/앱 어플리케이션 개발 (Flask, Django, FastAPI)
• 시스템 통합 및 최적화 작업을 지원합니다.
• 기존 파이썬 알고리즘을 기반으로한 상용 서비스 개발을 담당합니다.","• 경력 무관 (신입 지원 가능)
• 관련 전공 대학교졸업(4년)이상, 졸업 예정자 지원가능
• 영어로 원할한 커뮤니케이션 가능",FastAPI 프레임워크 경험자 우대,,채용시 마감
엔플루언서,개발이 좋은 백엔드 개발자,Developer,"담당 업무
• 샤라웃 플랫폼 백엔드 개발
• 샤라웃 플랫폼 유지운영 백엔드 개발
• 샤라웃 DB 관리 및 프로세스 개선
우대 조건
• 플랫폼 업계 경력이 있으신 분
• 초기 스타트업 환경에서 자기주도적으로 문제를 해결하고 업무를 지향하시는 분
• 새로운 기술을 탐구하는 열정이 있으신 분
• 인플루언서 마케팅에 대한 이해도가 있으신 분
복지 및 혜택
• 연차, 여름휴가, 반차, Refresh휴가, 공휴일 휴무, 인센티브제, 퇴직금, 성과급, 명절선물/귀향비, 생일선물/파티, 휴게실, 수면실, 회의실, 공기청정기, 자유복장, 식비 지원, 스마트기기, 노트북, 4대 보험, 사무용품 지급, 최고 성능 컴퓨터, 내일채움공제, 비자 발급 지원
근무지
대구 달성군 화원읍 성천로 5 달성청년혁신센터
경력: 무관
학력: 학력무관
지원 가능한 비자: D-10 구직
한국어 수준: TOPIK 5등급/ 비즈니스 회화 가능","• 샤라웃 플랫폼 백엔드 개발
• 샤라웃 플랫폼 유지운영 백엔드 개발
• 샤라웃 DB 관리 및 프로세스 개선",,"• 플랫폼 업계 경력이 있으신 분
• 초기 스타트업 환경에서 자기주도적으로 문제를 해결하고 업무를 지향하시는 분
• 새로운 기술을 탐구하는 열정이 있으신 분
• 인플루언서 마케팅에 대한 이해도가 있으신 분",,2026-02-08
코딩쏙학원,관평 코딩쏙학원 코딩 교육 전문 개발자,Developer,"담당 업무
• 코딩 교육 커리큘럼 개발 및 운영해요
• 학생 학습 진도 관리 및 피드백 제공해요
• 교육 자료 및 콘텐츠 제작해요
• 학생의 프로젝트 진행 지도해요
• 학습 성과 분석 및 개선 방안 제안해요
자격 요건
• 코딩 교육에 대한 열정이 있어야 해요
• 프로그래밍 언어에 대한 이해도가 필요해요
• 학생과의 소통 능력이 중요해요
• 문제 해결 능력을 보유해야 해요
• 팀워크를 잘 이끌어낼 수 있어야 해요
우대 조건
• 교육 관련 경험 보유자 우대해요
• 다양한 프로그래밍 언어 경험자 환영해요
• 온라인 교육 플랫폼 경험자 선호해요
• 프로젝트 관리 경험이 있으면 좋아요
• 교육 관련 자격증 소지자 우대해요
복지 및 혜택
• 유연한 근무 시간 제공해요
• 직원 교육비 지원해요
• 건강 검진 지원해요
• 연차 및 휴가 제도 운영해요
• 사내 동호회 활동 지원해요
근무지
대전 유성구 테크노중앙로 32 대덕테크노벨리
경력: 무관
학력: 대학졸업(2,3년)이상
지원 가능한 비자: D-10 구직
한국어 수준: 기초 회화 가능
언어 수준: 영어/일상 대화 가능","• 코딩 교육 커리큘럼 개발 및 운영해요
• 학생 학습 진도 관리 및 피드백 제공해요
• 교육 자료 및 콘텐츠 제작해요
• 학생의 프로젝트 진행 지도해요
• 학습 성과 분석 및 개선 방안 제안해요","• 코딩 교육에 대한 열정이 있어야 해요
• 프로그래밍 언어에 대한 이해도가 필요해요
• 학생과의 소통 능력이 중요해요
• 문제 해결 능력을 보유해야 해요
• 팀워크를 잘 이끌어낼 수 있어야 해요","• 교육 관련 경험 보유자 우대해요
• 다양한 프로그래밍 언어 경험자 환영해요
• 온라인 교육 플랫폼 경험자 선호해요
• 프로젝트 관리 경험이 있으면 좋아요
• 교육 관련 자격증 소지자 우대해요",,채용시 마감
알케이소프트,외국계기업/개발자 출신 PM,Developer,"담당 업무
• 프로젝트 전 과정(입찰, 요구사항 분석, 문서화, 실행)에 참여
• 비즈니스 요구사항 분석 및 관리, 소요 공수·범위·일정 추정 지원, 프로젝트 관리 활동 보조
• PRD, FRD, 사용자 스토리, 워크플로우 등 문서를 작성·유지하며 개발팀에 명확히 요구사항 전달
• 기술기획 및 개발 방향설계
자격 요건
• 1년 이상 IT 프로젝트에서 PM 역할 수행
• 요구사항 분석, 문서화, 프로세스 모델링 역량
• 공수·범위·일정 추정 및 프로젝트 계획 지원 능력
• 고객, PM, 개발자, QA팀과의 원활한 협업 경력
• 개발자 경력 필수
우대 조건
• SI 프로젝트 관리 경험자 우대합니다
• 다양한 개발 언어에 대한 이해
• 팀 리딩 경험 있는 분 환영합니다
• IT 아웃소싱 경험 가진 분 우대합니다
• 해외 프로젝트 관리 경험자 우대합니다
• AI 분야 경험

언어관련 우대사항
• 한국인일시 영어 소통 가능
• 베트남인일 시 한국어 유창
복지 및 혜택
면접 후 논의
근무지
서울 강남구 테헤란로77길 11-15, 11층
경력: 경력자
학력: 대학졸업(2,3년)이상
지원 가능한 비자: D-2 유학/ D-10 구직/ D-4 일반연/ E-7 특정활동/ F-2 거주/ F-4 재외동포/ F-5 영주/ F-6 결혼이민/ H-1 관광취업/ H-2 방문취업/ C-4 단기취업
한국어 수준: 비즈니스 회화 가능","• 프로젝트 전 과정(입찰, 요구사항 분석, 문서화, 실행)에 참여
• 비즈니스 요구사항 분석 및 관리, 소요 공수·범위·일정 추정 지원, 프로젝트 관리 활동 보조
• PRD, FRD, 사용자 스토리, 워크플로우 등 문서를 작성·유지하며 개발팀에 명확히 요구사항 전달
• 기술기획 및 개발 방향설계","• 1년 이상 IT 프로젝트에서 PM 역할 수행
• 요구사항 분석, 문서화, 프로세스 모델링 역량
• 공수·범위·일정 추정 및 프로젝트 계획 지원 능력
• 고객, PM, 개발자, QA팀과의 원활한 협업 경력
• 개발자 경력 필수","• SI 프로젝트 관리 경험자 우대합니다
• 다양한 개발 언어에 대한 이해
• 팀 리딩 경험 있는 분 환영합니다
• IT 아웃소싱 경험 가진 분 우대합니다
• 해외 프로젝트 관리 경험자 우대합니다
• AI 분야 경험

언어관련 우대사항
• 한국인일시 영어 소통 가능
• 베트남인일 시 한국어 유창",,채용시 마감
주토스(주),머신 비전 응용 프로그램 개발자,Developer,"담당 업무
** Windows 기반 머신 비전 응용 프로그램 개발 **
- 머신 비전 솔루션 설계 및 개발 : Windows 기반 머신 비전 응용 프로그램 아키텍처 설계 및 개발 (C#, C++, .NET)
- 하드웨어 연동 및 제어 : 산업용 카메라(Area/Line Scan), 조명, 렌즈 등 비전 시스템 하드웨어 제어 및 영상 획득(Image Acquisition) 기능 개발, 모션컨트롤러 등 외부 장비와의 통신 및 시스템 연동
- UI/UX 개발 및 데이터 관리 : 검사 결과, 통계 데이터 등을 시각화하기 위한 사용자 인터페이스(UI/UX) 개발 (WPF)
- 시스템 안정화 및 유지보수 : 개발 솔루션의 성능 테스트, 안정화 및 현장 이슈 대응
우대 조건
• 영어가능자, 인근거주자, 해당직무 근무경험, 석사학위 수여자, 박사학위 수여자, 외국인 지원 가능
• 전기/전자공학, 컴퓨터/시스템공학, 수학/통계학
복지 및 혜택
• 워크샵, 연차, 여름휴가, 경조휴가제, 반차, 근로자의날 휴무, 포상휴가, 공휴일 휴무, 인센티브제, 장기근속자 포상, 퇴직금, 건강검진, 금연수당, 직원대출제도, 점심식사 제공, 저녁식사 제공, 각종 경조사 지원, 장기근속수당, 수평적 조직문화, 회식강요 안함, 야근강요 안함, 명절선물/귀향비, 산전 후 휴가, 육아휴직, 남성출산휴가, 보건휴가, 회의실, 공기청정기, 자유복장, 음료제공(차,커피), 탄력근무제, 업무활동비 지급, 선택적복리후생, 4대 보험, 사무용품 지급, 최고 성능 컴퓨터, 안마실/안마의자, 자유로운 연차사용, 주 40시간제 시행, 장기근속 선물, 내일채움공제
근무지
경기 안양시 동안구 엘에스로116번길 118 안양2차 SK V1 center 401~407호
경력: 신입 / 경력자
학력: 대학교졸업(4년)이상
지원 가능한 비자: E-7 특정활동/ F-2 거주
한국어 수준: 기초 회화 가능
언어 수준: 영어/비즈니스 회화 가능","** Windows 기반 머신 비전 응용 프로그램 개발 **
- 머신 비전 솔루션 설계 및 개발 : Windows 기반 머신 비전 응용 프로그램 아키텍처 설계 및 개발 (C#, C++, .NET)
- 하드웨어 연동 및 제어 : 산업용 카메라(Area/Line Scan), 조명, 렌즈 등 비전 시스템 하드웨어 제어 및 영상 획득(Image Acquisition) 기능 개발, 모션컨트롤러 등 외부 장비와의 통신 및 시스템 연동
- UI/UX 개발 및 데이터 관리 : 검사 결과, 통계 데이터 등을 시각화하기 위한 사용자 인터페이스(UI/UX) 개발 (WPF)
- 시스템 안정화 및 유지보수 : 개발 솔루션의 성능 테스트, 안정화 및 현장 이슈 대응",,"• 영어가능자, 인근거주자, 해당직무 근무경험, 석사학위 수여자, 박사학위 수여자, 외국인 지원 가능
• 전기/전자공학, 컴퓨터/시스템공학, 수학/통계학",,2026-02-25
주식회사 워크포트,[중국인]소프트웨어 개발자,Developer,"담당 업무
• PLC 프로그램개발 및 설계
• 설계 바탕으로 하드웨어 제작 진행
• 조명 프로그램 개발 및 운영
자격 요건
• 관련분야 전공자
• 한국어 능통자
• 중국어 능통자
우대 조건
• SW코딩 자격증
• C++ 언어 관련 자격증
• 운전면허증 (차량제공)
복지 및 혜택
• 4대 보험 가입 (국민연금, 고용보험, 건강보험, 산재보험)
• 차량 제공 (면허증 보유시)
• 기숙사 제공
• 통근 버스 제공
• 연차 제도 및 사내 기타 복지 제도
근무지
경기 성남시 수정구 위례광장로 41
경력: 무관
학력: 대학교졸업(4년)이상
지원 가능한 비자: D-10 구직/ E-7 특정활동/ F-2 거주/ F-4 재외동포/ F-5 영주/ F-6 결혼이민/ 확인필요
한국어 수준: 일상 대화 가능","• PLC 프로그램개발 및 설계
• 설계 바탕으로 하드웨어 제작 진행
• 조명 프로그램 개발 및 운영","• 관련분야 전공자
• 한국어 능통자
• 중국어 능통자","• SW코딩 자격증
• C++ 언어 관련 자격증
• 운전면허증 (차량제공)",,2026-01-12
주식회사 워크포트,소프트웨어 개발자 채용,Developer,"담당 업무
• 스마트카메라 소프트웨어 개발 및 유지관리
• 신규 기능 설계 및 기존 시스템 개선 수행
• 고객 요구사항 분석 및 기술지원 제공
• 제품의 성능 최적화 및 문제해결을 위한 연구진행
자격 요건
• 소프트웨어 / 컴퓨터 / 시스템공학 등 관련 전공자
• C/C++/C# 활용 가능자
• 한국어 기본 회화 가능자
우대 조건
• 기술문서 작성 및 커뮤니케이션 능력이 뛰어난 분
• 팀워크와 협업 능력 우수자
• 영어 가능자
복지 및 혜택
- 4대 보험 가입 (건강보험, 국민연금, 산재보험, 고용보험)
- 경조휴가, 육아휴직 및 연차제도 제공
- 사내 기타 복리 제도 지원
근무지
경기 성남시 수정구 위례광장로 41

경력: 무관
학력: 대학교졸업(4년)이상
지원 가능한 비자: D-10 구직/ E-7 특정활동/ F-2 거주/F-4 재외동포/F-5 영주/F-6 결혼이민/확인필요
한국어 수준: 일상 대화 가능","• 스마트카메라 소프트웨어 개발 및 유지관리
• 신규 기능 설계 및 기존 시스템 개선 수행
• 고객 요구사항 분석 및 기술지원 제공
• 제품의 성능 최적화 및 문제해결을 위한 연구진행","• 소프트웨어 / 컴퓨터 / 시스템공학 등 관련 전공자
• C/C++/C# 활용 가능자
• 한국어 기본 회화 가능자","• 기술문서 작성 및 커뮤니케이션 능력이 뛰어난 분
• 팀워크와 협업 능력 우수자
• 영어 가능자",,2026-01-23
스카이젯,C# 프로그램 유지보수 / 개발 경력자 3~7년차,Developer,"담당 업무
• 의약품, 의료기기 영업관리 프로그램 유지보수 및 개발
• 사용자의 요구사항에 대한 기능 개발 및 개선
• Visual Studio 2019 , Ms SQL 2016, Spread.net 16, Active Report, Component One 활용
• Net 4.8 Framework, C#, MS SQL, Winform
• 닷넷프로그램 경력자 5~7년
• 경력 중 Winform 개발 경력 필수

근무 조건
• 한국인과 동일 근무시간 및 동일 근무조건
• 회사 1시간 이내 출근 가능 및 한국 상주자 만 지원 가능
• 기본적인 한국 회화 가능자만 지원 가능
• 복지 및 혜택
• 도서구입비지원, 퇴직연금, 휴게실, 자유복장, 음료제공(차,커피), 4대 보험, 사무용품 지급
근무지
서울 성동구 성수일로 77 서울숲 IT 밸리 4층 412호

경력: 경력자
학력: 학력무관
지원 가능한 비자: E-5 전문직업/ E-7 특정활동
한국어 수준: 기초 회화 가능
","
• 의약품, 의료기기 영업관리 프로그램 유지보수 및 개발
• 사용자의 요구사항에 대한 기능 개발 및 개선
• Visual Studio 2019 , Ms SQL 2016, Spread.net 16, Active Report, Component One 활용
• Net 4.8 Framework, C#, MS SQL, Winform
• 닷넷프로그램 경력자 5~7년
• 경력 중 Winform 개발 경력 필수","• 한국인과 동일 근무시간 및 동일 근무조건
• 회사 1시간 이내 출근 가능 및 한국 상주자 만 지원 가능
• 기본적인 한국 회화 가능자만 지원 가능",,,2026-01-15
메크랩주식회사(Mek-labInc.),"Java, C++, Python 기반 CAD/CAE SaaS 개발자 ",Developer,"담당 업무
• 제조업 설계 지원을 위한 시뮬레이션 자동화 SaaS 플랫폼 개발
• Simulink와 유사한 응용프로그램 개발
• Java, C++, Python 기반 오픈소스 내재화
• Mek-lab (https://mek-lab.com/)
자격 요건
• CAD, CAE 알고리즘, 라이브러리 분석 및 응용 가능
• Java, C++, Python 능숙자
• 유관 분야 실무 경험 보유자
• 팀 협업 능력이 뛰어나요
우대 조건
• 스타트업 근무 경험
• CAD/CAE 관련 경험
• 솔루션 업계 경험
• AI 프로젝트 참여 경험
• 문제 해결 능력이 뛰어나요
• AI 기술 이해도가 높아요
복지 및 혜택
• 선택 근무제
• 재택 협의 가능
근무지
인천 미추홀구 인하로 100 인하대,인하공전,정석항공고

경력: 경력자
학력: 대학교졸업(4년)이상
지원 가능한 비자: D-10 구직/ F-4 재외동포/ F-5 영주/ F-6 결혼이민/ F-2 거주/ E-3 연구/ E-5 전문직업/ E-4 기술지도/ E-7 특정활동
한국어 수준: 기초 회화 가능","• 제조업 설계 지원을 위한 시뮬레이션 자동화 SaaS 플랫폼 개발
• Simulink와 유사한 응용프로그램 개발
• Java, C++, Python 기반 오픈소스 내재화
• Mek-lab (https://mek-lab.com/)","• CAD, CAE 알고리즘, 라이브러리 분석 및 응용 가능
• Java, C++, Python 능숙자
• 유관 분야 실무 경험 보유자
• 팀 협업 능력이 뛰어나요","• 스타트업 근무 경험
• CAD/CAE 관련 경험
• 솔루션 업계 경험
• AI 프로젝트 참여 경험
• 문제 해결 능력이 뛰어나요
• AI 기술 이해도가 높아요",,2026-01-25
주식회사이네이블러,웹 플랫폼 풀스택 개발자,Developer,"담당 업무
• AI 기반 산업 자동화 시스템 웹 플랫폼 개발 (Full Stack)
• Java/Spring Boot 기반 백엔드 API 설계 및 구현
• React/Vue.js 기반 프론트엔드 개발
• RESTful API 설계 및 마이크로서비스 아키텍처 구축
• 제조 현장 데이터 수집·분석 대시보드 개발
• AI 비전 시스템, 로봇 제어, 센서 데이터와의 연동 개발
• Docker 기반 배포 및 운영 자동화 지원
• 신규 AI 플랫폼 기능 설계 및 유지보수
자격 요건
• Java / Spring Boot 기반 웹서비스 개발 경험
• Vue.js 혹은 React 기반 프론트엔드 개발 경험
• RESTful API 설계 및 연동 경험
• Git을 활용한 협업 능력
• 기본적인 DB 이해 (MySQL / MariaDB)

• 사용자 관점에서 문제를 이해하고 해결하려는 자세
• 기술보다 ""왜 이 기능이 필요한가""를 먼저 고민하는 개발자
우대 조건
• 제조/자동화/로봇 관련 시스템 개발 경험자
• Docker / Jenkins / AWS / Nginx 운영 경험자
• Python 기반 AI 모델 연동 프로젝트 경험자
• Claude, Cursor, Copilot 등 AI 코딩 어시스턴트 활용 능숙자
• 실시간 데이터 시각화 또는 Dashboard 구축 경험
• 새로운 기술에 대한 학습 의지와 도전 정신
• AI/ML 모델 연동 개발 경험
• 영어로 기술 문서 작성 및 커뮤니케이션 가능자
근무지
서울 강남구 강남대로 314 서우빌딩
경력: 신입 / 경력자
학력: 학력무관
지원 가능한 비자: 확인필요
한국어 수준: 일상 대화 가능
언어 수준: 영어/ 비즈니스 회화 가능","• AI 기반 산업 자동화 시스템 웹 플랫폼 개발 (Full Stack)
• Java/Spring Boot 기반 백엔드 API 설계 및 구현
• React/Vue.js 기반 프론트엔드 개발
• RESTful API 설계 및 마이크로서비스 아키텍처 구축
• 제조 현장 데이터 수집·분석 대시보드 개발
• AI 비전 시스템, 로봇 제어, 센서 데이터와의 연동 개발
• Docker 기반 배포 및 운영 자동화 지원
• 신규 AI 플랫폼 기능 설계 및 유지보수","• Java / Spring Boot 기반 웹서비스 개발 경험
• Vue.js 혹은 React 기반 프론트엔드 개발 경험
• RESTful API 설계 및 연동 경험
• Git을 활용한 협업 능력
• 기본적인 DB 이해 (MySQL / MariaDB)

• 사용자 관점에서 문제를 이해하고 해결하려는 자세
• 기술보다 ""왜 이 기능이 필요한가""를 먼저 고민하는 개발자","• 제조/자동화/로봇 관련 시스템 개발 경험자
• Docker / Jenkins / AWS / Nginx 운영 경험자
• Python 기반 AI 모델 연동 프로젝트 경험자
• Claude, Cursor, Copilot 등 AI 코딩 어시스턴트 활용 능숙자
• 실시간 데이터 시각화 또는 Dashboard 구축 경험
• 새로운 기술에 대한 학습 의지와 도전 정신
• AI/ML 모델 연동 개발 경험
• 영어로 기술 문서 작성 및 커뮤니케이션 가능자",,2025-12-20
주식회사 워크포트,소프트웨어 개발자,Developer,"담당 업무
• 스마트카메라 소프트웨어 개발 및 유지관리
• 신규 기능 설계 및 기존 시스템 개선 수행
• 고객 요구사항 분석 및 기술지원 제공
• 제품의 성능 최적화 및 문제해결을 위한 연구진행
자격 요건
• 소프트웨어 / 컴퓨터 / 시스템공학 등 관련 전공자
• C/C++/C# 활용 가능자
• 한국어 기본 회화 가능자
우대 조건
• 기술문서 작성 및 커뮤니케이션 능력이 뛰어난 분
• 팀워크와 협업 능력 우수자
• 영어 가능자
복지 및 혜택
- 4대 보험 가입 (건강보험, 국민연금, 산재보험, 고용보험)
- 경조휴가, 육아휴직 및 연차제도 제공
- 사내 기타 복리 제도 지원
근무지
경기 성남시 수정구 위례광장로 41

경력: 무관
학력: 대학교졸업(4년)이상
지원 가능한 비자: D-10 구직/ E-7 특정활동/ F-2 거주/ F-4 재외동포/ F-5 영주/ F-6 결혼이민/ 확인필요
한국어 수준: 일상 대화 가능 
","• 스마트카메라 소프트웨어 개발 및 유지관리
• 신규 기능 설계 및 기존 시스템 개선 수행
• 고객 요구사항 분석 및 기술지원 제공
• 제품의 성능 최적화 및 문제해결을 위한 연구진행","• 소프트웨어 / 컴퓨터 / 시스템공학 등 관련 전공자
• C/C++/C# 활용 가능자
• 한국어 기본 회화 가능자","• 기술문서 작성 및 커뮤니케이션 능력이 뛰어난 분
• 팀워크와 협업 능력 우수자
• 영어 가능자",,2026-02-25
,,,,,,,,2026-02-12
(주)알리웨이브,소셜마케터(통번역),Designer,"주요 업무 소셜 마케터 각 국가별 마케터로서 SNS관리 및 통/번역 업무입니다. 페이스북, 틱톡 등 SNS채널을 관리합니다. 

Designer 
포토샵, 일러스트, AI활용 디자인 

자격 요건 
유학생, 구직비자, 결혼이주여성 등 한국에서 거주하면 합법적으로 근무 가능한 자 

한국어 4급 이상자 

우대 사항 틱톡, 페이스북 등 SNS 현재 운영중인사람 우대합니다. 
캠바, 캣컷, 포토샵, FLOW AI 등 다양한 편집 툴 이용가능하신분 우대합니다. 

디자인 경력 있는 분 우대합니다. 

기타 향후 근무평가 후 E7, F2 비자 발급지원 가능 정규직, 아르바이트 모두 가능 근무시간, 근무요일 조정 가능합니다. 출퇴근 가능한분 지원해주세요 국내 거주하시는 분만 지원해주세요 대학생도 지원 가능합니다. 근무시간 조정 가능","• 페이스북·틱톡 등 SNS 채널 운영
• 콘텐츠 관리 및 통·번역
• 국가별 마케팅 업무",,"• 합법적 근무 가능 (유학생/구직비자/결혼이주 등)
• 한국어 4급 이상
• 국내 거주자","• SNS 운영 능력
• 번역·커뮤니케이션 능력
• 편집 툴 가능 (캠바/캣컷 등 우대)",2026-01-10
(주)알리웨이브,Designer,Designer,"주요 업무 
[마케팅] - 국내거주 외국인 또는 입국예정 외국인들이 주로 이용하는 SNS 발굴 및 바일러 기획 - 국내거주 외국인 타겟 디지털 광고 컨텐츠 기획 및 광고 대행사 관리 - 데이터 분석 툴 바탕으로 데이터를 분석하고 마케팅/서비스 적용 
[Product] - 플랫폼 서비스 개선/기획/운영/고도화 업무 수행 - 사용자/데이터 조사분석 및 벤치마킹 통한 인사이트 도출 - 외국인 전용 비대면 상품 개발, 기존 상품 개선 - 플랫폼 상시테스트 수행, 페인포인트 체크 - 서비스 품질 진단 및 개선, 고객 VOC 및 민원관리 
[퍼블리셔] - HTML, CSS, JavaScript를 활용한 웹/모바일 페이지 퍼블리싱 - Designer와 협업하여 디자인 시안구현 - UI/UX 개선을 위한 마크업 유지보수 자격 요건 - 학력 : 대학 재학/대졸 이상 - 

자격요건 : F-2, F-4, F-5, F-6, D-2, D-10, 귀화자 

우대 사항 - SNS인플루언서 활동 - 서비스 기획/개발, UI/UX기획 경험 보유자 - 디지털 마케팅 능력 보유자 - 개발관련 전공 또는 경력자 - 원활한 의사소통을 위한 한국어 능력 보유자 - 데이터분석(SQL데이터 추출, 고객 데이터 수집, 분석 설계 및 Insight 도출) 경험자 

기타 - 면접 대상자는 개별적으로 연락드리겠습니다. - 6개월 인턴 근무 후 우수자에 한하여 전문직(계약) 전환 기회 부여합니다. - 자기소개서 필수 답변 사항 : Bravo Korea 앱을 이용해보고 느낀점(장단점) 및 개선점을 기술해주세요.","• 포토샵/일러스트 기반 디자인
• AI 활용 디자인
• 필요 시 SNS 디자인 제작",,"• 국내 합법 근무 가능
• 한국어 4급 이상
• 포트폴리오 제출","• 포토샵/일러스트/AI 디자인 역량
• 편집 툴 숙련",2026-02-28
전북은행,외국인 서비스 / 마케팅 기획,Designer,"주요 업무 브랜딩 디자인 작업 

자격 요건 - 담당 매니저와 프로젝트 관련 의사소통에 있어 소통이 원활한 자 - 지원하는 분야 관련 디자인 포토폴리오 제출 

우대 사항 브랜딩 디자인 유경험자","• 외국인 타겟 SNS 조사·기획
• 디지털 광고 콘텐츠 기획
• 데이터 분석 기반 마케팅 전략
• VOC·민원 관리",,"• 대학 재학 이상
• F2/F4/F5/F6/D2/D10/귀화자
• 한국어 의사소통 가능","• 디지털 마케팅
• 데이터 분석(SQL)
• 광고 기획/캠페인 운영",채용시 마감
전북은행,퍼블리셔,Designer,"주요 업무 브랜딩 디자인 작업 

자격 요건 - 담당 매니저와 프로젝트 관련 의사소통에 있어 소통이 원활한 자 - 지원하는 분야 관련 디자인 포토폴리오 제출 

우대 사항
대학 재학 이상
해당 비자 소지자(F·D계열)","• HTML/CSS/JS 활용 페이지 퍼블리싱
• Designer와 협업하여 디자인 시안 구현
• UI/UX 유지보수 및 개선",,"• 대학 재학 이상
• 해당 비자 소지자(F·D계열)","• HTML/CSS/JavaScript
• UI/UX 이해도
• 협업 능력",채용시 마감
굳센,프리랜서 브랜딩 Designer(재택),Designer,"주요 업무 브랜딩 디자인 작업 

자격 요건 - 담당 매니저와 프로젝트 관련 의사소통에 있어 소통이 원활한 자 - 지원하는 분야 관련 디자인 포토폴리오 제출 

우대 사항 브랜딩 디자인 유경험자","• 브랜드 시각 요소 제작
• 브랜드 콘셉트 디자인
• 매니저와 커뮤니케이션",,"• 원활한 커뮤니케이션
• 포트폴리오 필수 제출","• 브랜딩 디자인 역량
• 창의적 시각 디자인",2025-12-20
굳센,프리랜서 PPT Designer(재택),Designer,"주요 업무 로고 디지안 파워포인트 디자인 상세페이지 디자인 패키지 디자인 브랜드 네이밍 

자격 요건 디자인 프로그램 툴 사용이 능숙한 Designer 담당 매니저와 프로젝트 관련 의사소통에 있어 소통이 원활한 자 

우대 사항 파워포인트 디자인 유경험자, 관련 전공 졸업자","• 파워포인트 디자인
• 상세페이지/패키지 디자인
• 브랜드 네이밍 보조",,"• 디자인 툴 능숙
• 커뮤니케이션 원활","• PowerPoint 디자인
• 포토샵/일러스트
• 그래픽 디자인",2026-02-10
굴라우리(GULAURI),쇼핑몰 웹Designer,Designer,"담당 업무
• 브랜드 웹사이트 및 쇼핑몰 디자인
• 배너, 상세페이지, 프로모션 이미지 제작
• 온라인 콘텐츠 디자인 전반
자격 요건
• 웹디자인 관련 경력 1년 이상 (신입 지원 가능)
• 포토샵, 일러스트레이터, Figma 등 디자인 툴 활용 가능자
• 감각적이고 트렌디한 디자인 이해도
우대 조건
• 뷰티/패션/라이프스타일 관련 디자인 경험자
• 쇼핑몰, 자사몰 운영 경험자
근무지
서울 구로구 디지털로27길 36 이스페이스

경력: 신입 / 경력자
학력: 학력무관
지원 가능한 비자: D-2 학생/ D-4 일반 훈련생/ D-10 구직자/ C-4 단기 근로자/ F-2 거주자/ F-4 해외 한국인/ F-5 영주권/ F-6 결혼이민자
한국어 수준: 기초 회화 가능","• 쇼핑몰/웹사이트 디자인
• 상세페이지·배너 제작
• 온라인 콘텐츠 디자인","정규직, 서울 구로구
비자: D2, D4, D10, C4, F2 등","• 웹디자인 경력 1년 이상 (신입 가능)
• 포토샵·일러스트·Figma 가능","웹디자인, 상세페이지, 배너, Figma, 포토샵",2025-12-27
(주)필터페이퍼디자인,실내 건축 Designer,Designer,"담당 업무
• 실내 건축 디자인 계획을 수립합니다
• 고객 요구에 맞춘 디자인 제안을 합니다
• 프로젝트 시공 현장을 관리합니다
• 디자인 소프트웨어를 활용합니다
• 트렌드를 반영한 디자인을 개발합니다
자격 요건
• 실내 건축 디자인 경험 보유자
• 디자인 소프트웨어 활용 능력 필수
• 창의적 문제 해결 능력이 필요합니다
• 팀과 효과적으로 소통할 수 있습니다
• 프로젝트 관리 경험이 요구됩니다
우대 조건
• 관련 학위 소지자를 우대합니다
• 대규모 프로젝트 경험자를 우대합니다
• 트렌드에 민감한 분을 우대합니다
• 3D 모델링 능력 우수자 우대합니다
근무지
경남 창원시 마산회원구 양덕동9길 13, 1층
경력: 경력자
학력: 학력무관
지원 가능한 비자: 확인필요
한국어 수준: 원어민 수준 대화 가능","• 실내건축 디자인 계획
• 고객 맞춤 디자인 제안
• 시공 현장 관리
• 트렌드 기반 디자인","정규직 / 경남 창원
관련 학위·대규모 프로젝트 경험 우대","• 실내건축 디자인 경험 필수
• 디자인 소프트웨어 능숙
• 프로젝트 관리 가능","CAD/3D모델링, 프로젝트 관리, 인테리어 디자인",2026-02-22
테라메디약국,일러스트 Designer,Designer,"담당 업무
• 약국 브랜딩 일러스트 제작해요
• 마케팅 자료 디자인 담당해요
• 제품 포장 디자인 참여해요
• 디지털 콘텐츠 제작 지원해요
• 팀과 협업하여 프로젝트 진행해요
자격 요건
• 디자인 툴 활용 가능자예요
• 일러스트레이션 포트폴리오 제출해요
• 협업 능력 뛰어난 분을 원해요
• 창의적 문제 해결 능력 중요해요
우대 조건
• 약국 또는 제약 분야 경험자 우대해요
• 트렌드에 민감한 분 우대해요
• 디지털 마케팅 이해도 높으면 좋아요
• 빠르게 적응하는 분 선호해요
• 커뮤니케이션 능력 우수한 분 우대해요
복지 및 혜택
• 유연 근무제 제공해요
• 건강 검진 지원해요
• 직원 할인 혜택 있어요
• 경조사 지원금 제공해요
• 자기 계발 기회 제공해요
근무지
전북 전주시 완산구 영선로 21-7

경력: 신입 / 경력자
학력: 학력무관
지원 가능한 비자: C-4 단기 근로자/ D-2 학생/ D-4 일반 훈련생/ D-10 구직자/ E-5 전문가/ F-2 거주자 F-4 해외 한국인
한국어 수준: 원어민 수준 대화 가능","• 약국 브랜딩 일러스트
• 포장 디자인
• 마케팅 자료 제작
• 디지털 콘텐츠","비자: C4, D2, D4, D10, E5
전북 전주시, 정규직","• 디자인 툴 가능
• 일러스트 포트폴리오 제출
• 협업 능력","일러스트레이션, 포토샵, 콘텐츠 디자인",2026-01-31
(주)에임즈인터내셔널코리아,콘텐츠 Designer,Designer,"담당 업무
• ⊙ 모집부문
“국내패션강소기업 / 콘텐츠 Designer ” - 긴급

[담당업무]

• 콘텐츠 기획안을 바탕으로 소비자의 눈길을 끄는 구매전환 광고 영상 제작 및 편집
• 제품 및 타깃 특성에 맞춘 숏폼
• 광고 콘텐츠 제작 과정 전반
• (모델 레퍼런스 스튜디오 등등)
• 브랜드 무드의 맞는 이미지 광고 컨텐츠 기획 밎 디자인
• 자기주도적인 일이 가능한분

⊙ 자격요건
1. 학력: 초대졸이상
2. 경력: 2년이상 ~ 8년 미만( 대리 과장 ) 영상편집 관련 업무 경력

- 커머스 업계 SNS 광고 영상 제작 경험이 있으신 분
- 바이럴 숏폼 콘텐츠 제작 경험이 있으신 분
- DA, SA, SNS 퍼포먼스 마케팅 디자인 유경험자

⊙ 근무조건
* 근무형태 : 정직원
* 근무지역 : 서울 성수동

 우대사항
- 광고 소재 기획 및 제작에 대한 열정과 겐스가 있으신분
- 광고 영상의 성과(전환율,조회수 등) 에 관심을 갖고 개선에 흥비를 느끼시는분
- 관련분야 이커머스 직무 경험
- 판매력 있는 콘텐츠 제작에 관심이 많이 있으신 분
- 인근거주자


복지 및 혜택
• 우수사원시상식, 워크샵, 신규 입사자 교육(OJT), 직무능력향상교육, 도서구입비지원, 멘토링제도, 외국어 교육 지원, 자기계발비 지원, 연차, 여름휴가, 경조휴가제, 반차, Refresh휴가, 포상휴가, 공휴일 휴무, 인센티브제, 상여금, 장기근속자 포상, 우수사원포상, 스톡옵션, 퇴직금, 건강검진, 의료비지원(본인), 기숙사 운영, 점심식사 제공, 저녁식사 제공, 각종 경조사 지원, 성과급, 야근수당, 휴일(특근)수당, 수평적 조직문화, 회식강요 안함, 야근강요 안함, 명절선물/귀향비, 의료비지원(가족), 육아휴직, 휴게실, 회의실, 공기청정기, 휴양시설 제공, 자유복장, 유니폼지급, 식비 지원, 음료제공(차,커피), 회사차량 있음, 자회사 제품할인, 콘도/리조트 이용권, 통신비 지원, 복지카드/포인트, 4대 보험, 사무용품 지급, 최고 성능 컴퓨터, 자유로운 연차사용, 주 52시간제 준수, 장기근속 선물, 자율 근무제
근무지
서울 강남구 강남대로 강남역

경력: 경력자
학력: 대학졸업(2,3년)이상
지원 가능한 비자: 확인필요
한국어 수준: 원어민 수준 대화 가능","• 광고 영상 제작·편집
• 숏폼 제작
• 이미지 광고 기획·디자인","정규직 / 서울 성수동
이커머스 경험·광고 제작 경험 우대","• 초대졸 이상
• 영상편집 경력 2~8년","영상편집, 숏폼 제작, SNS 광고 디자인",2026-02-05
(주)엠쓰리모바일,마케팅 Designer,Designer,"담당 업무
• 자사 BI(Brand Identity) 구축 및 BI 기반 디자인 가이드 적용·개선
• 온라인/오프라인 콘텐츠 및 홍보물 디자인 제작
• 오프라인 전시 및 행사물 전반의 디자인 및 운영 지원
자격 요건
• 포토샵 능숙자, PPT능력 우수자
우대 조건
• 영어가능자, 영어능통자, 공모전 입상자, 해당직무 인턴경력, 컴퓨터활용능력 우수, 해당직무 근무경험, 문서작성 우수자, FLASH 능숙자, MAC/편집 전문가, 외국인 지원 가능
• 컴퓨터그래픽스운용기능사, GTQ포토샵, GTQ일러스트 1급
• 예/체능계열
복지 및 혜택
• 연차, 반차, 장기근속자 포상, 우수사원포상, 퇴직금, 저녁식사 제공, 각종 경조사 지원, 회식강요 안함, 산전 후 휴가, 육아휴직, 회의실, 공기청정기, 자유복장, 유니폼지급, 음료제공(차,커피), 야간교통비지급, 사원증, 4대 보험, 사무용품 지급
근무지
서울 금천구 가산디지털1로 196 에이스테크노타워10차 1107~1109호
경력: 경력자
학력: 학력무관
지원 가능한 비자: 확인필요
한국어 수준: 일상 대화 가능","• BI 디자인 가이드 제작
• 온라인·오프라인 홍보물 디자인
• 전시·행사 디자인 운영 지원","정규직 / 서울 금천구
영어 가능자·경력자·자격증 소지자 우대","• BI 디자인 가이드 제작
• 온라인·오프라인 홍보물 디자인
• 전시·행사 디자인 운영 지원","포토샵, PPT, 그래픽 디자인",2026-02-25
제철바다,웹·콘텐츠 Designer,Designer,"담당 업무
저희 제철바다 는 신선하고 믿을 수 있는 육류(돼지·소·닭) 수산물, 야채등을 유통·판매하는 식품 전문 기업입니다.

우리는 단순한 거래를 넘어, 사람들의 식탁에 건강과 행복을 전한다는 마음으로 일하고 있습니다.

좋은 재료를 선별하고, 정직한 유통 과정을 지키며, 고객과 함께 성장하는 것을 가장 큰 가치로 생각합니다.

함께 일하는 사람을 소중히 여기며 서로 신뢰하고 배려하는 따뜻한 분위기 속에서 일할 수 있습니다.

정직함과 열정을 가진 분이라면, 제철바다에서 함께 성장해요~!

주요업무
- 제품 가격표 업데이트 및 관리 (캔바 작업)

부업무
- SNS 배너, 상세페이지, 광고 컨텐츠 디자인
- 브랜드 웹사이트 및 쇼핑몰 디자인 및 관리 (CAFE24, 메이크샵)
- 자사 홈페이지 및 자사 쇼핑몰, 하이브리드 APP 디자인
- 자사 웹사이트 및 온라인 컨텐츠 전반의 그래픽 디자인
- 제품 상세페이지 신규 제작 및 리뉴얼
- 상세페이지용 GIF, 릴스, 숏츠 등 영상 컨텐츠 편집
- 패키징 디자인

자격 요건
- 학력무관
- 신입 / 경력 무관
- 감각적이고 트렌디한 디자인 이해도
- SNS/디지털 트렌드 이해도 및 콘텐츠 감각 보유자
- 자기 주도적으로 업무를 기획하고 실행할 수 있는 분
- 디자인 소프트웨어 활용 능력
- AI도구를 활용하여 콘텐츠 제작 가능자
- 팀워크 및 커뮤니케이션 능력
- 마케팅/광고 경력자 (혹은 이에 준하는 실무 경험)
우대 조건
- 신속하고 정확한 업무 스킬
- 성실하고 책임감 있는 분
- 라이브 방송 지식 보유자 혹은 관심 있으신 분
- 쿠팡, 네이버스마트스토어, 카페24등 온라인 쇼핑몰 운영 및 관리 경험자
- 상세페이지 기획 및 디자인 경험 보유자
- Figma 툴을 활용한 퍼블리싱 경험 보유자
- 영상 콘텐츠 제작 및 편집 가능자
- 컨텐츠 마케팅 또는 디자인 관련 경험 보유자
- 포토샵, 일러스트레이터, Figma, Canva등 디자인 툴 활용 가능자
- 패키지 디자인 유경험자
- 브랜드 캠페인, 영상, 상세페이지 등 크레에이티브 제작 경험자
- 빠르게 변하는 트렌드 속에서 실행과 실험을 즐기는 분
복지 및 혜택
-4대보험
-중식 제공
-퇴직금 별도지급
-자유로운 연차 사용
-설/추석 선물
-간식제공
근무지
경북 경산시 하양읍 대경로 21
경력: 무관
학력: 학력무관
지원 가능한 비자: D-2 학생/ D-4 일반 훈련생/ D-10 구직자/ F-4 해외 한국인/ F-2 거주자/ F-5 영주권/ F-6 결혼이민자/ H-1 관광취업/ H-2 방문취업/ C-4 단기 근로자
한국어 수준: 일상 대화 가능","• 가격표 업데이트 (캔바)
• SNS 배너·상세페이지·광고 콘텐츠 디자인
• 브랜드 웹사이트/쇼핑몰 관리(CAFE24/메이크샵)
• 홈페이지·앱 디자인
• 상세페이지 제작 및 영상 편집(GIF/릴스/숏츠)
• 패키지 디자인","• 학력/경력 무관
• 감각적·트렌디한 디자인 이해도
• SNS·디지털 트렌드 이해
• 자기주도적 업무 진행
• 디자인 SW 사용 능력
• AI 도구 활용 가능
• 팀워크/커뮤니케이션 능력
• 마케팅·광고 실무 경험","• 빠른 업무 처리
• 온라인 쇼핑몰 운영 경험
• 상세페이지 기획·디자인 경험
• Figma 퍼블리싱
• 영상 편집 가능
• 콘텐츠 마케팅 경험
• 패키지 디자인 경험
• 브랜드·영상·상세페이지 제작 경험
• 트렌드에 민감","• Photoshop
• Illustrator
• Figma
• Canva
• 영상 편집 도구
• AI 활용 도구",2026-01-31
안타스포츠코리아(주),아웃도어/KIDS 제품 Designer,Designer,"담당 업무
• 제품 디자인 및 개발
• 시장 조사 및 트렌드 분석
• 샘플 제작 및 품질 관리
• 매장 진열 및 마케팅 지원
• 고객 요구사항 파악
자격 요건
• 해당직무 근무경험, 포토샵 능숙자
• 일러스트레이터(Illustrator)
우대 조건
• FrontEnd 개발 경험
• GTQ포토샵
• 예/체능계열
복지 및 혜택
• 연차, 상여금, 퇴직금, 자격증수당, 명절선물/귀향비, 자유복장, 음료제공(차,커피), 4대 보험
근무지
서울 강남구 도곡로 206

경력: 경력자
학력: 대학교졸업(4년)이상
지원 가능한 비자: F-5 영주권/ F-6 결혼이민자/ F-4 해외 한국인/ F-2 거주자
한국어 수준: 원어민 수준 대화 가능","• 제품 디자인 및 개발
• 시장 조사 및 트렌드 분석
• 샘플 제작·품질 관리
• 매장 연출·MD 지원
• 고객 요구 파악","• 디자인 직무 경험
• 포토샵 능숙
• Illustrator 능숙","• Front-end 개발 경험
• GTQ 포토샵
• 예·체능 계열 전공","• Photoshop
• Illustrator",2026-02-02
(주)에스제이이엔씨,인테리어 Designer,Designer,"담당 업무
• 실내 공간 디자인 및 설계 진행합니다
• 고객 요구사항 분석 및 디자인 제안합니다
• 프로젝트 일정 관리 및 조율합니다
• 시공 현장 관리 및 품질 확인합니다
• 디자인 트렌드 조사 및 분석합니다
자격 요건
• 인테리어 디자인 관련 경험 보유자입니다
• 3D 모델링 및 CAD 활용 능숙자입니다
• 시공 현장 경험 및 관리 능력 있습니다
• 디자인 소프트웨어 활용 능력 필수입니다
• 팀워크 및 커뮤니케이션 능력 우수합니다
우대 조건
• 엑셀 및 포토샵 활용가능
• 운전 면허
• 실내건축 관련 자격증 소지자 우대합니다
복지 및 혜택
•실적에 따른 추가 인센티브 지급

• 자기계발비 지원 제도 있습니다

• 4대보헙가입","• 실내 공간 디자인 및 설계
• 고객 요구 분석 및 제안
• 프로젝트 일정 조율
• 시공 현장 관리·품질 확인
• 디자인 트렌드 조사","• 인테리어 디자인 경험자
• 3D 모델링·CAD 능숙자
• 시공 현장 경험
• 디자인 SW 능숙
• 팀워크/커뮤니케이션 우수","• 포토샵·엑셀 활용 가능
• 운전면허
• 실내건축 자격증 우대","• CAD
• 3D Modeling
• Photoshop
• Excel",채용시 마감
(주)엔오에이,영상 콘텐츠 편집 & 비주얼 Designer (비주얼 디렉터),Designer,"담당 업무
1. 영상 편집

뮤직비디오 편집: 아티스트 신곡 발매 시 뮤직비디오 제작, 스토리텔링 및 리듬감 있는 편집, 색보정 및 컬러 그레이딩
공연 영상 편집: 언더플로우 및 스페셜 게스트 공연 실황 편집, 멀티캠 편집, 하이라이트 클립 제작
예능 영상 편집: 아티스트 일상 브이로그, 예능형 콘텐츠, 토크쇼, 챌린지 영상 등 엔터테인먼트 콘텐츠 편집
비하인드 콘텐츠 편집: 오디션 현장, 녹음 스튜디오, 공연 준비 과정, 리허설 비하인드 등 제작
숏폼 콘텐츠 제작: 유튜브 쇼츠, 인스타그램 릴스, 틱톡 등 SNS 최적화 콘텐츠
사운드 믹싱 및 후반작업: 오디오 후반작업, 배경음악 및 효과음 삽입
2. 디자인

썸네일 디자인: 유튜브 영상, 공연 영상, 예능 콘텐츠 썸네일 제작
포스터 디자인: 공연 포스터, 오디션 홍보 포스터, 신곡 발매 포스터, SNS 홍보물
앨범 아트워크: 싱글/앨범 커버 디자인, CD 패키지 디자인
멤버십 굿즈 디자인: 브론즈/실버/골드 멤버십 전용 굿즈 (엽서, 포토카드, 스티커, 티셔츠 등)
콘서트 굿즈 디자인: 공연 기념 굿즈, 한정판 상품 디자인
SNS 콘텐츠: 인스타그램 피드/스토리, 유튜브 커뮤니티 게시물용 그래픽 제작
브랜드 아이덴티티: NOA 및 아티스트별 비주얼 아이덴티티 유지 및 발전
3. 상세페이지 제작

멤버십 상품 페이지: 브론즈/실버/골드 멤버십 판매 페이지 디자인 및 제작
공연 티켓 상세페이지: 공연 티켓 판매 페이지의 비주얼 요소 및 정보 구성
굿즈 상품 페이지: 멤버십 굿즈 및 콘서트 굿즈 상세페이지 제작
이벤트 페이지: 프로모션, 이벤트 안내 페이지 디자인
4. 모션 그래픽 & 타이틀 디자인 (선택)

뮤직비디오 그래픽: 타이틀, 가사 자막, 그래픽 요소 애니메이션
인트로/아웃트로: NOA 브랜드 영상 인트로/아웃트로 제작
로고 애니메이션: NOA 및 아티스트 로고 모션 그래픽
5. 협업 및 커뮤니케이션

영상 PD 협업: 촬영 콘셉트 회의 참여, 편집 방향성 논의, 피드백 반영
아티스트 소통: 비주얼 선호도 파악, 피드백 수렴, 콘셉트 조율
외부 작가 협업: 필요 시 외주 작곡가, 프로듀서 등과 비주얼 콘셉트 소통
콘텐츠 아카이브 관리: 프로젝트 파일, 원본 영상, 최종 산출물의 체계적 저장 및 백업","영상 편집
• 뮤직비디오·공연·예능 영상 편집
• 멀티캠·하이라이트 제작
• 숏폼·SNS 콘텐츠 제작
• 사운드 후반작업
디자인
• 썸네일·포스터·앨범 커버 디자인
• 굿즈 디자인
• SNS 콘텐츠 디자인
• 브랜드 아이덴티티 구축
상세페이지 제작
• 굿즈/공연/멤버십 상세페이지 제작
모션그래픽(선택)
• 타이틀·그래픽 애니메이션
• 로고 모션","• 영상 편집 작업 능력
• 디자인 가능자
• 엔터/콘텐츠 산업 이해
• 협업 및 커뮤니케이션 능력","• 모션그래픽 가능자
• 공연/뮤비 제작 경험
• 브랜드 디자인 경험
• SNS 콘텐츠 경험","• Premiere Pro
• After Effects
• Photoshop
• Illustrator
• Motion graphic tools
• Audio editing tools",채용시 마감
주식회사모돌스,Designer / 영상편집자,Designer,"담당 업무
• 화장품 브랜드 영상 기획 및 제작해요
• 제품 홍보 콘텐츠 디자인해요
• 디지털 마케팅 영상 편집해요
• 브랜드 이미지 관리 및 개선해요
• 광고 캠페인 비주얼 개발해요
• 유투브 채널 전개
자격 요건
• 디자인 툴 활용 능력 필수예요
• 영상 편집 프로그램 사용 가능해요
• 창의적인 아이디어 발굴 가능해요
• 팀과의 원활한 소통 능력 중요해요

아래 한개는 반드시 해당되시는 분 지원바랍니다.
• 이공계 학사 졸업자
• 이공계 2년 전문학사 졸업자 + 2년 관련 업무 연구경력
• 이공계 3년 전문학사 졸업자 + 1년 관련 업무 연구경력
• 마이스터고, 특성화고 졸업자 + 4년 관련 업무 연구경력
• 기능사 자격증 + 4년 관련 업무 연구경력
• 산업기사 자격증 + 2년 관련 업무 연구경력
• 기사 자격증
• 기능장 자격증
우대 조건
• 화장품 업계 경험 있으면 좋아요
• SNS 콘텐츠 제작 경험 우대해요
• 포트폴리오 제출 가능자 우대해요
• 브랜드 전략 수립 경험자 환영해요
• 다양한 미디어 경험자 우대해요
복지 및 혜택
• 유연근무제 제공해요
• 직원 할인 혜택 있어요
근무지
서울 강서구 공항대로 18-1 이스카이오피스텔
경력: 무관
학력: 학력무관
지원 가능한 비자: F-2 거주자/ F-4 해외 한국인/ F-5 영주권/ F-6 결혼이민자
한국어 수준: 일상 대화 가능","• 화장품 브랜드 영상 기획·제작
• 제품 홍보 콘텐츠 디자인
• 디지털 마케팅 영상 편집
• 브랜드 이미지 관리
• 광고 캠페인 비주얼 개발
• 유튜브 채널 운영","• 디자인 툴 필수
• 영상 편집 SW 가능
• 창의적 아이디어 발굴
• 팀 커뮤니케이션 능력
아래 중 1개 필수:
– 이공계 학사
– 이공계 전문학사 + 연구경력(1~4년)
– 마이스터/특성화고 + 경력
– 기능사/산업기사/기사/기능장 자격증","• 화장품 업계 경험
• SNS 콘텐츠 제작
• 포트폴리오 제출 가능
• 브랜드 전략 경험
• 다양한 미디어 경험자","• Photoshop
• Illustrator
• Premiere Pro
• After Effects
• 기타 영상 편집 툴",채용시 마감
(주)젠스인터내셔널,신입/경력 해외무역 및 Business Analyst,Business Analyst,"담당 업무
• 국제 시장 분석
• 고객 관계 관리
• 판매 전략 수립
• 경쟁사 동향 조사
• 신제품 출시 계획
자격 요건
• 영어가능자, 영어능통자, 컴퓨터활용능력 우수, 운전가능자, 해당직무 근무경험, 문서작성 우수자, 엑셀 고급능력자, 포토샵 능숙자, FLASH 능숙자, PPT능력 우수자
• TOEIC 800급(점) 이상
• 어학계열, 공학계열
우대 조건
• 인근거주자, 해외근무 가능자, 커뮤니케이션 우수자
• (新)HSK 5급(점) 이상
• 일본어능력시험(JLPT) N1
• 사회과학계열
복지 및 혜택
• 인센티브제, 퇴직금, 점심식사 제공, 명절선물/귀향비, 공기청정기, 캐주얼데이, 음료제공(차,커피), 4대 보험
근무지
대전 중구 오류동 154-4 센트리아오피스텔806,807호

경력: 신입 / 경력자
학력: 대학교졸업(4년)이상
지원 가능한 비자: 확인필요
한국어 수준: 일상 대화 가능","• 국제 시장 분석
• 고객 관계 관리
• 판매 전략 수립
• 경쟁사 동향 조사
• 신제품 출시 계획","• 영어 가능/능통
• 컴퓨터 활용능력 우수
• 운전 가능
• 문서작성 우수
• 엑셀 고급능력
• 포토샵/FLASH/PPT 능숙
• TOEIC 800+
• 어학계열, 공학계열 전공","• 인근 거주자
• 해외근무 가능자
• 커뮤니케이션 우수자
• HSK 5급 이상
• JLPT N1
• 사회과학계열","• 고급 엑셀
• 포토샵/FLASH
• 영어 고급
• PPT 문서 제작",채용시 마감
(주)그레넥스,"수질환경 해외기술영업팀 (정규직/계약직, E-7 비자)",Business Analyst,"담당 업무
<해외기술영업팀>
해외 신규 시장 개척 및 대리점 관리
해외 프로젝트 견적 설계 및 제안서 작성
해외 전시회 및 컨퍼런스 참가
우대 조건
<해외기술영업팀>
환경 혹은 수처리 업계 경력직 우대
해외 기술영업 경험자
수질환경기사 자격증 보유자
설계프로그램 가능자
복지 및 혜택
• 연차, 근로자의날 휴무, 상여금, 퇴직금, 점심식사 제공, 명절선물/귀향비, 회의실, 공기청정기, 노트북, 통신비 지원, 4대 보험, 사무용품 지급, 장기근속 선물, 비자 발급 지원
근무지
서울 강남구 테헤란로103길 6

경력: 무관
학력: 대학졸업(2,3년)이상
지원 가능한 비자: 확인필요
한국어 수준: 비즈니스 회화 가능","• 해외 신규 시장 개척
• 해외 대리점 관리
• 해외 프로젝트 견적 및 설계
• 해외 전시회/컨퍼런스 참가
• 제안서 작성",(명시 없음 – 경력 여부 판단 가능),"• 환경/수처리 업계 경력 우대
• 해외 기술영업 경험자
• 수질환경기사 보유자
• 설계 프로그램 가능자","• 기술영업 역량
• 설계 프로그램 능숙",2026-02-20
(주)슈크란코리아,"중동 Business Analyst (정규직, E-7 등 비자 지원)",Business Analyst,"담당 업무
담당 업무
• 중동 지역 바이어 발굴 및 B2B 영업
• 해당 국가 내 마케팅, 영업 전략 기획
• 국내 브랜드사 대상으로 중동 진출 통합 솔루션 제안 및 컨설팅
• 중동 지역 시장 트렌드, 경쟁사, 소비자 분석을 통한 전략 수립 및 실행
• 계약 체결 및 오더 관리
자격 요건

Skillset
• 아랍어 또는 영어 소통 가능자
• 뷰티 산업 종사 경험 또는 뷰티 산업에 대한 높은 관심
• 무역 / 물류 관련 지식 보유자

Mindset
• 설득적이고 명료하게 커뮤니케이션할 수 있는 분
• 도전적 목표를 설정하고 성장을 지향하는 분
• 협조적이고 팀워크를 존중하는 분
우대 조건
• 중동 지역 문화에 대한 비즈니스 경험 보유자
• 유관 분야 실무 경험 보유자
• 데이터 분석 능력을 보유자
• 중동 시장 네트워크가 보유자
• 아마존 플랫폼에 대한 이해도가 높은 분
• 아랍어 또는 영어 소통 가능자
복지 및 혜택
• 유연한 근무 환경을 제공합니다
• 해외 출장 기회를 제공합니다
• 전문성 개발을 위한 교육 지원합니다
• 성과에 따른 인센티브를 지급합니다
• 직원 복지 포인트를 제공합니다
근무지
서울 강남구 봉은사로 634 20TOWER 7층

경력: 무관
학력: 학력무관
지원 가능한 비자: D-10 구직자/ F-4 해외 한국인/ F-6 결혼이민자/ E-7 특수직업
한국어 수준: 기초 회화 가능","• 중동 바이어 발굴 & B2B 영업
• 중동 지역 마케팅/영업 전략 기획
• 브랜드사 대상 중동 진출 솔루션 제안
• 시장 트렌드·경쟁사·소비자 분석
• 계약 및 오더 관리","Skillset
• 아랍어 또는 영어 가능
• 뷰티 업계 경험 또는 관심
• 무역/물류 지식 보유

Mindset
• 명료한 커뮤니케이션
• 목표지향적 / 성장 지향
• 팀워크 존중","• 중동 문화 비즈니스 경험
• 유관 실무 경험
• 데이터 분석 능력
• 중동 시장 네트워크
• 아마존 플랫폼 이해도","• 아랍어 또는 영어
• B2B 영업
• 시장 분석
• 무역 지식
• 커뮤니케이션 능력",2026-01-25
(주)메드비,"Business Analyst (바이어 개발, 해외사이트 활용) – 정규직/인턴",Business Analyst,"담당 업무
• 해외시장 진출을 위한 전략 수립 및 실행
• 해외시장에서의 제품 브랜드 홍보 및 고객사와의 글로벌 비즈니스 협력 강화
• 해외거래 파트너사와의 원활한 커뮤니케이션
자격 요건
• 영어가능자, 러시아어 가능자
우대 조건
• 영어능통자, 해당직무 인턴경력, 컴퓨터활용능력 우수, 해외근무 가능자, 문서작성 우수자, 엑셀 고급능력자, 포토샵 능숙자, 2년 이상 관련 분야 경력자
복지 및 혜택
• 연차, 반차, 근로자의날 휴무, 퇴직연금, 인센티브제, 퇴직금, 연차수당, 회식강요 안함, 야근강요 안함, 명절선물/귀향비, 휴게실, 회의실, 자유복장, 4대 보험, 사무용품 지급, 자유로운 연차사용
근무지
서울 성동구 성수이로22길 37 성수동 아크벨리8층806호

경력: 신입 / 경력자
학력: 대학졸업(2,3년)이상
지원 가능한 비자: 확인필요/ F-4 해외 한국인/ F-2 거주자/ F-5 영주권/ F-6 결혼이민자
한국어 수준: 일상 대화 가능
언어 수준: 러시아어/ 원어민 수준 대화 가능
영어: 비즈니스 회화 가능","• 해외 시장 진출 전략 수립 및 실행
• 제품 브랜드 해외 홍보
• 글로벌 고객사 협력 강화
• 해외 파트너사 커뮤니케이션 관리","• 영어 가능자
• 러시아어 가능자","• 영어 능통자
• 인턴 경력자
• 컴퓨터 활용능력 우수
• 해외근무 가능
• 문서작성 우수
• 엑셀 고급
• 포토샵 능숙
• 2년 이상 관련 경력","• 영어/러시아어
• 포토샵
• 엑셀 고급
• 문서작성 능력",2026-02-10
(주)헥스콘,"RefacX 협력팀 – 소싱 엔지니어(해외/키맨영업) (프리랜서, E-7 지원)",Business Analyst,"담당 업무
• 해외 철강 기자재 제작사와 국내 철강사 간 무역 업무(일본어 필수, 영어 가능 우대)
• 기술 서비스 중개 지원
• 구매/계약 관련 업무
자격 요건
• 일본어 가능자, 운전가능자
• 2종보통운전면허
우대 조건
• 영어가능자, 해당직무 근무경험
• HSK 5급(점) 이상, FLEX 중국어 700급(점) 이상
복지 및 혜택
• 연차, 여름휴가, 반차, 근로자의날 휴무, 퇴직금, 탄력근무제, 4대 보험
근무지
경북 포항시 남구 포스코대로 437 제철협력회관 5층
경력: 신입 / 경력자
학력: 대학졸업(2,3년)이상
지원 가능한 비자: 확인필요
한국어 수준: 비즈니스 회화 가능
언어 수준: 일본어: 비즈니스 회화 가능
중국어: 비즈니스 회화 가능","• Business Analyst(견적/수주/PQ/실사/미팅/계약)
• 프로젝트 관리(일정/리스크/이슈 대응)
• 수출입/통관/물류운송 관리
• 프로젝트 단위 수익쉐어 기반 영업
• 내부 SCM/소싱팀과 협업","• 영어 가능자
• 해당 직무 경력자","• 영어 능통자
• 일본어/중국어 가능자
• 문서작성 우수자
• 외국인 지원 가능","• 프로젝트 관리
• 영어/일본어/중국어
• 문서작성 능력
• 수출입·물류 이해",2025-12-27
,,,,,,,,2026-01-27
,,,,,,,,2025-12-31
엠디엠그룹,Business Analyst 매니저(아랍어 원어민 수준 가능자),Business Analyst,"담당업무
자동차 판매 매니저
아랍어권 고객 커무니케이션
해외 바이어 개발
우대사항
유사업무 1 년 경력자
아랍어 원어민 수준 능통자
영어 가능자
스페인어 가능자
근무조건
주 5일
10:00 - 19:00
수습기간 2개월(월급220만원 + 인센티브)
수습기간 이후 월급 250만원 + 차량 판매 건당 인센티브 지급
모집조건
근무형태: 프리랜서
근무지역: 인천광역시 연수구
급여: 연봉 30,000,000원
지원자격: 
한국어 능력/ 간단한 자기소개 가능
외국어 능력: 아랍어원어민 수준(능숙)
영어특정 주제로 토론 가능(중급)
스페인어 비지니스 회의 가능(고급)
지원가능 VISA: F-2 거주/ F-4 재외동포/ F-5 영주/ F-6 결혼이민
우대조건: 경력, 학력무관","자동차 판매 매니저
아랍어권 고객 커무니케이션
해외 바이어 개발",,"유사업무 1 년 경력자
아랍어 원어민 수준 능통자
영어 가능자
스페인어 가능자",,채용시 마감
㈜엘앤케이바이오메드,의료기기 Business Analyst 사원 채용,Business Analyst,"담당업무
• 해외 전략 수립과 업무를 수행합니다.
• 매출 증대와 실적들을 분석합니다.
• 신규 국가 진출과 고객 관리 업무를 수행합니다.
• 매출 플랜을 수립하며 리포트와 제품 교육을 담당합니다. 
• 시장조사 및 수술요법, 병원 트렌드를 조사하고 실시합니다.
우대사항
[자격요건]
• Business Analyst 경력이 1년 이상 10년 이하이신 분
• 비즈니스 영어 능력이 우수하신 분 (통화, 메일링)
• 해외 출장에 결격 사유가 없으신 분
• 적극적이고 진취적인 성향을 가지신 분
• 한국어 TOPIK 자격증 5급 이상이신 분

[우대사항]
• Business Analyst 경력이 있으신 분
• 의료기기(3,4등급) 영업 경력이 있으신 분
근무조건
• 주 5일 (08:00 ~ 17:00)
• 면접비 지원 (거리에 따라 상이)
• 통신비 지원 (연간 60만원)
• 엘바롱[식비 및 교통비] 지원 (연간 240만원)
• 야근 시 식비 및 교통비 지원
• 생일 상품권 지급
• 장기근속 및 우수사원 포상
모집조건
모집마감일
2025.12.13
근무형태
정규직, 계약직
근무지역: 서울특별시 양천구
급여: 협의 후 결정
지원자격:
한국어 능력 중급: 특정 주제로 토론 가능
외국어 능력 능숙: 영어원어민 수준
지원가능 VISA: E-7 발급지원/ E-7 특정활동
우대조건: 경력무관, 학사이상","• 해외 전략 수립과 업무를 수행합니다.
• 매출 증대와 실적들을 분석합니다.
• 신규 국가 진출과 고객 관리 업무를 수행합니다.
• 매출 플랜을 수립하며 리포트와 제품 교육을 담당합니다. 
• 시장조사 및 수술요법, 병원 트렌드를 조사하고 실시합니다.","• Business Analyst 경력이 1년 이상 10년 이하이신 분
• 비즈니스 영어 능력이 우수하신 분 (통화, 메일링)
• 해외 출장에 결격 사유가 없으신 분
• 적극적이고 진취적인 성향을 가지신 분
• 한국어 TOPIK 자격증 5급 이상이신 분","• Business Analyst 경력이 있으신 분
• 의료기기(3,4등급) 영업 경력이 있으신 분",,2025-12-20